date,nav
2014-02-10,10.0355
2014-02-11,10.0277
2014-02-12,10.0168
2014-02-13,10.0111
2014-02-14,10.0051
2014-02-17,10.0159
2014-02-18,10.0208
2014-02-20,10.026
2014-02-21,10.03
2014-02-24,10.0306
2014-02-25,10.0251
2014-02-26,10.0253
2014-02-28,10.0317
2014-03-03,10.0349
2014-03-04,10.0354
2014-03-05,10.043
2014-03-06,10.0551
2014-03-07,10.0593
2014-03-10,10.0695
2014-03-11,10.0836
2014-03-12,10.0907
2014-03-13,10.0936
2014-03-14,10.094
2014-03-18,10.1037
2014-03-19,10.1097
2014-03-20,10.1145
2014-03-21,10.1293
2014-03-24,10.1581
2014-03-25,10.1648
2014-03-26,10.162
2014-03-27,10.1643
2014-03-28,10.1752
2014-04-02,10.1755
2014-04-03,10.1772
2014-04-04,10.1549
2014-04-07,10.1601
2014-04-09,10.1548
2014-04-10,10.1607
2014-04-11,10.1734
2014-04-15,10.18
2014-04-16,10.1904
2014-04-17,10.1976
2014-04-21,10.2151
2014-04-22,10.2319
2014-04-23,10.2411
2014-04-25,10.2487
2014-04-28,10.2522
2014-04-29,10.2607
2014-04-30,10.2686
2014-05-02,10.2803
2014-05-05,10.2975
2014-05-06,10.2967
2014-05-07,10.2977
2014-05-08,10.3009
2014-05-09,10.3125
2014-05-12,10.3238
2014-05-13,10.3204
2014-05-15,10.3277
2014-05-16,10.3455
2014-05-19,10.3443
2014-05-20,10.3473
2014-05-21,10.3597
2014-05-22,10.3651
2014-05-23,10.3852
2014-05-26,10.388
2014-05-27,10.3925
2014-05-28,10.3924
2014-05-29,10.3985
2014-05-30,10.4084
2014-06-02,10.4118
2014-06-03,10.4317
2014-06-04,10.4414
2014-06-05,10.4529
2014-06-06,10.4608
2014-06-09,10.4706
2014-06-10,10.4698
2014-06-11,10.4738
2014-06-12,10.4758
2014-06-13,10.4786
2014-06-16,10.4725
2014-06-17,10.4752
2014-06-18,10.4706
2014-06-19,10.4679
2014-06-20,10.4626
2014-06-23,10.4626
2014-06-24,10.4669
2014-06-25,10.4721
2014-06-26,10.4755
2014-06-27,10.475
2014-06-30,10.4842
2014-07-02,10.4969
2014-07-03,10.4989
2014-07-04,10.5042
2014-07-07,10.5106
2014-07-08,10.5078
2014-07-09,10.5084
2014-07-10,10.5069
2014-07-11,10.4697
2014-07-14,10.4591
2014-07-15,10.4655
2014-07-16,10.4768
2014-07-17,10.4835
2014-07-18,10.4858
2014-07-21,10.501
2014-07-22,10.513
2014-07-23,10.5212
2014-07-24,10.5304
2014-07-25,10.533
2014-07-28,10.5372
2014-07-30,10.5346
2014-07-31,10.5375
2014-08-01,10.5363
2014-08-04,10.5446
2014-08-05,10.5332
2014-08-06,10.5263
2014-08-07,10.5289
2014-08-08,10.5267
2014-08-11,10.5391
2014-08-12,10.5417
2014-08-13,10.5506
2014-08-14,10.5553
2014-08-19,10.5683
2014-08-20,10.5808
2014-08-21,10.5816
2014-08-22,10.5827
2014-08-25,10.584
2014-08-26,10.5876
2014-08-27,10.5936
2014-08-28,10.596
2014-09-01,10.6053
2014-09-02,10.6093
2014-09-03,10.6169
2014-09-04,10.6184
2014-09-05,10.6223
2014-09-08,10.6316
2014-09-09,10.6327
2014-09-10,10.6341
2014-09-11,10.6384
2014-09-12,10.6416
2014-09-15,10.6497
2014-09-16,10.6525
2014-09-17,10.6566
2014-09-18,10.6649
2014-09-19,10.6688
2014-09-22,10.6834
2014-09-23,10.6834
2014-09-24,10.6877
2014-09-25,10.6904
2014-09-26,10.702
2014-09-29,10.7038
2014-09-30,10.7019
2014-10-01,10.7072
2014-10-07,10.7297
2014-10-08,10.7385
2014-10-09,10.7381
2014-10-10,10.7482
2014-10-13,10.7575
2014-10-14,10.7704
2014-10-16,10.7871
2014-10-17,10.7923
2014-10-20,10.8058
2014-10-21,10.8142
2014-10-22,10.8187
2014-10-27,10.833
2014-10-28,10.8419
2014-10-29,10.8498
2014-10-30,10.8626
2014-10-31,10.8732
2014-11-03,10.8884
2014-11-05,10.913
2014-11-07,10.92
2014-11-10,10.9355
2014-11-11,10.9373
2014-11-12,10.9397
2014-11-13,10.9352
2014-11-14,10.9366
2014-11-17,10.9498
2014-11-18,10.9549
2014-11-19,10.9586
2014-11-20,10.9627
2014-11-21,10.9637
2014-11-24,10.9684
2014-11-25,10.974
2014-11-26,10.9742
2014-11-27,10.9781
2014-11-28,10.9937
2014-12-01,10.6885
2014-12-02,10.7053
2014-12-03,10.7089
2014-12-04,10.7098
2014-12-05,10.7077
2014-12-08,10.7146
2014-12-09,10.7213
2014-12-10,10.7173
2014-12-11,10.7225
2014-12-12,10.7291
2014-12-15,10.7381
2014-12-16,10.6951
2014-12-17,10.6889
2014-12-18,10.702
2014-12-19,10.6995
2014-12-22,10.7054
2014-12-23,10.7067
2014-12-24,10.7126
2014-12-26,10.716
2014-12-29,10.7222
2014-12-30,10.7343
2014-12-31,10.7415
2015-01-01,10.7488
2015-01-02,10.7446
2015-01-05,10.7494
2015-01-06,10.7424
2015-01-07,10.7524
2015-01-08,10.7584
2015-01-09,10.7636
2015-01-12,10.7805
2015-01-13,10.7955
2015-01-14,10.7971
2015-01-15,10.8272
2015-01-16,10.8616
2015-01-19,10.8683
2015-01-20,10.8632
2015-01-21,10.868
2015-01-22,10.872
2015-01-23,10.8746
2015-01-27,10.8837
2015-01-28,10.8909
2015-01-29,10.8917
2015-01-30,10.8896
2015-02-02,10.8991
2015-02-03,10.8957
2015-02-04,10.8837
2015-02-05,10.8793
2015-02-06,10.8801
2015-02-09,10.8752
2015-02-10,10.8781
2015-02-11,10.8803
2015-02-12,10.8756
2015-02-13,10.8852
2015-02-16,10.891
2015-02-18,10.8951
2015-02-20,10.9014
2015-02-23,10.9116
2015-02-24,10.9206
2015-02-25,10.9302
2015-02-26,10.934
2015-02-27,10.9374
2015-03-02,10.9442
2015-03-03,10.9401
2015-03-04,10.9681
2015-03-05,10.9662
2015-03-09,10.9627
2015-03-10,10.9586
2015-03-11,10.9566
2015-03-12,10.9602
2015-03-13,10.9523
2015-03-16,10.9584
2015-03-17,10.959
2015-03-18,10.9555
2015-03-19,10.9645
2015-03-20,10.9677
2015-03-23,10.9742
2015-03-24,10.9762
2015-03-25,10.9794
2015-03-26,10.9793
2015-03-27,10.9837
2015-03-30,10.9984
2015-03-31,11.0131
2015-04-06,11.0303
2015-04-07,11.028
2015-04-08,11.0251
2015-04-09,11.031
2015-04-10,11.0327
2015-04-13,11.04
2015-04-15,11.0455
2015-04-16,11.0456
2015-04-17,11.0458
2015-04-20,11.0496
2015-04-21,11.0535
2015-04-22,11.0586
2015-04-23,11.0581
2015-04-24,11.0579
2015-04-27,11.0622
2015-04-28,11.0627
2015-04-29,11.0619
2015-04-30,11.049
2015-05-05,11.0494
2015-05-06,11.0395
2015-05-07,11.0209
2015-05-08,11.0205
2015-05-11,11.0351
2015-05-12,11.0368
2015-05-13,11.0307
2015-05-14,11.0354
2015-05-15,11.0394
2015-05-18,11.0535
2015-05-19,11.0673
2015-05-20,11.0776
2015-05-21,11.0816
2015-05-22,11.085
2015-05-25,11.0951
2015-05-26,11.0944
2015-05-27,11.0949
2015-05-28,11.1031
2015-05-29,11.11
2015-06-01,10.8201
2015-06-02,10.7982
2015-06-03,10.7883
2015-06-04,10.7807
2015-06-05,10.7856
2015-06-08,10.7906
2015-06-09,10.7973
2015-06-10,10.7937
2015-06-11,10.7822
2015-06-12,10.7808
2015-06-15,10.7928
2015-06-16,10.7866
2015-06-17,10.8019
2015-06-18,10.8283
2015-06-19,10.8434
2015-06-22,10.8464
2015-06-23,10.8451
2015-06-24,10.8409
2015-06-25,10.8338
2015-06-26,10.833
2015-06-29,10.8219
2015-06-30,10.8312
2015-07-01,10.8438
2015-07-02,10.8524
2015-07-03,10.8614
2015-07-06,10.8708
2015-07-07,10.8742
2015-07-08,10.8738
2015-07-09,10.874
2015-07-10,10.8778
2015-07-13,10.8721
2015-07-14,10.8823
2015-07-15,10.8851
2015-07-16,10.8879
2015-07-17,10.8913
2015-07-20,10.8964
2015-07-21,10.899
2015-07-22,10.9033
2015-07-23,10.9083
2015-07-24,10.9092
2015-07-27,10.9175
2015-07-28,10.9327
2015-07-29,10.9398
2015-07-30,10.9412
2015-07-31,10.9468
2015-08-03,10.954
2015-08-04,10.9494
2015-08-05,10.9509
2015-08-06,10.9522
2015-08-07,10.9536
2015-08-10,10.9622
2015-08-11,10.9653
2015-08-12,10.9662
2015-08-13,10.982
2015-08-14,10.9856
2015-08-17,10.9937
2015-08-19,10.9977
2015-08-20,11.0034
2015-08-21,10.9971
2015-08-24,10.9772
2015-08-25,10.9896
2015-08-26,10.9951
2015-08-27,11.0026
2015-08-28,11.0034
2015-08-31,11.0056
2015-09-01,11.0123
2015-09-02,11.0124
2015-09-03,11.0095
2015-09-04,11.0062
2015-09-07,11.0041
2015-09-08,11.0103
2015-09-09,11.0132
2015-09-10,11.0039
2015-09-11,11.0058
2015-09-14,11.0116
2015-09-15,11.0145
2015-09-16,11.0066
2015-09-18,11.0244
2015-09-21,11.0305
2015-09-22,11.0329
2015-09-23,11.0309
2015-09-24,11.0339
2015-09-28,11.0448
2015-09-29,11.0935
2015-09-30,11.1146
2015-10-01,11.1141
2015-10-05,11.1331
2015-10-06,11.1346
2015-10-07,11.1344
2015-10-08,11.1414
2015-10-09,11.1476
2015-10-12,11.1478
2015-10-13,11.1542
2015-10-14,11.1571
2015-10-15,11.1608
2015-10-16,11.1609
2015-10-19,11.1653
2015-10-20,11.171
2015-10-21,11.1701
2015-10-23,11.1791
2015-10-26,11.182
2015-10-27,11.183
2015-10-28,11.1859
2015-10-29,11.1837
2015-10-30,11.1834
2015-11-02,11.1906
2015-11-03,11.1933
2015-11-04,11.189
2015-11-05,11.1871
2015-11-06,11.1845
2015-11-09,11.1802
2015-11-10,11.1773
2015-11-13,11.1888
2015-11-16,11.1981
2015-11-17,11.1978
2015-11-18,11.198
2015-11-19,11.201
2015-11-20,11.2009
2015-11-23,11.2059
2015-11-24,11.2054
2015-11-26,11.2086
2015-11-27,11.204
2015-11-30,10.9063
2015-12-01,10.9129
2015-12-02,10.9159
2015-12-03,10.9231
2015-12-04,10.9202
2015-12-07,10.9204
2015-12-08,10.914
2015-12-09,10.9128
2015-12-10,10.9127
2015-12-11,10.9059
2015-12-14,10.9098
2015-12-15,10.9057
2015-12-16,10.9122
2015-12-17,10.9198
2015-12-18,10.924
2015-12-21,10.9239
2015-12-22,10.9219
2015-12-23,10.9239
2015-12-28,10.9334
2015-12-29,10.9369
2015-12-30,10.9404
2015-12-31,10.9448
2016-01-01,10.9498
2016-01-04,10.9605
2016-01-05,10.9642
2016-01-06,10.9666
2016-01-07,10.9708
2016-01-08,10.978
2016-01-11,10.9836
2016-01-12,10.9795
2016-01-13,10.9789
2016-01-14,10.9766
2016-01-15,10.9741
2016-01-18,10.9798
2016-01-19,10.9828
2016-01-20,10.9845
2016-01-21,10.991
2016-01-22,10.9953
2016-01-25,10.9986
2016-01-27,11.0013
2016-01-28,10.9974
2016-01-29,11.0001
2016-02-01,11.0056
2016-02-02,11.0002
2016-02-03,10.9925
2016-02-04,10.9923
2016-02-05,10.995
2016-02-08,11.0011
2016-02-09,10.9994
2016-02-10,11.0025
2016-02-11,11.0022
2016-02-12,10.9995
2016-02-15,10.997
2016-02-16,10.9919
2016-02-17,10.9866
2016-02-18,10.9885
2016-02-22,10.9861
2016-02-23,10.9697
2016-02-24,10.9655
2016-02-25,10.9533
2016-02-26,10.9581
2016-02-29,11.0009
2016-03-01,11.0111
2016-03-02,11.0208
2016-03-03,11.0223
2016-03-04,11.0318
2016-03-08,11.0423
2016-03-09,11.0454
2016-03-10,11.0469
2016-03-11,11.0485
2016-03-14,11.0608
2016-03-15,11.0728
2016-03-16,11.0808
2016-03-17,11.097
2016-03-18,11.1067
2016-03-21,11.1277
2016-03-22,11.132
2016-03-23,11.1331
2016-03-28,11.1403
2016-03-29,11.14
2016-03-30,11.1446
2016-03-31,11.1684
2016-04-04,11.1978
2016-04-05,11.2099
2016-04-06,11.2134
2016-04-07,11.2212
2016-04-11,11.2333
2016-04-12,11.2435
2016-04-13,11.2472
2016-04-18,11.2569
2016-04-20,11.2582
2016-04-21,11.2488
2016-04-22,11.2512
2016-04-25,11.2556
2016-04-26,11.2549
2016-04-27,11.2554
2016-04-28,11.256
2016-04-29,11.2601
2016-05-02,11.2621
2016-05-03,11.2586
2016-05-04,11.2607
2016-05-05,11.2633
2016-05-06,11.2641
2016-05-09,11.27
2016-05-10,11.2728
2016-05-11,11.2746
2016-05-12,11.2807
2016-05-13,11.2763
2016-05-16,11.2836
2016-05-17,11.2851
2016-05-18,11.285
2016-05-19,11.2841
2016-05-20,11.2865
2016-05-23,11.294
2016-05-24,11.2954
2016-05-25,11.2971
2016-05-26,11.2977
2016-05-27,11.302
2016-05-30,10.9661
2016-05-31,10.9674
2016-06-01,10.968
2016-06-02,10.9688
2016-06-03,10.9694
2016-06-06,10.9778
2016-06-07,10.9813
2016-06-08,10.9839
2016-06-09,10.9892
2016-06-10,10.9925
2016-06-13,10.9968
2016-06-14,10.9956
2016-06-15,10.9949
2016-06-16,10.9995
2016-06-17,11.0019
2016-06-20,11.0034
2016-06-21,11.009
2016-06-22,11.0126
2016-06-23,11.0163
2016-06-24,11.0161
2016-06-27,11.0248
2016-06-28,11.0274
2016-06-29,11.0333
2016-06-30,11.0419
2016-07-01,11.0486
2016-07-04,11.0567
2016-07-05,11.0674
2016-07-07,11.0788
2016-07-08,11.0852
2016-07-11,11.0957
2016-07-12,11.1117
2016-07-13,11.1201
2016-07-14,11.1281
2016-07-15,11.1297
2016-07-18,11.1364
2016-07-19,11.1425
2016-07-20,11.1524
2016-07-21,11.1563
2016-07-22,11.1623
2016-07-25,11.1701
2016-07-26,11.178
2016-07-27,11.1813
2016-07-28,11.2017
2016-07-29,11.2112
2016-08-01,11.2263
2016-08-02,11.2261
2016-08-03,11.2183
2016-08-04,11.2194
2016-08-05,11.2249
2016-08-08,11.2306
2016-08-09,11.2511
2016-08-10,11.2703
2016-08-11,11.2844
2016-08-12,11.285
2016-08-16,11.2907
2016-08-18,11.2822
2016-08-19,11.2832
2016-08-22,11.2811
2016-08-23,11.2813
2016-08-24,11.288
2016-08-25,11.297
2016-08-26,11.3067
2016-08-29,11.3123
2016-08-30,11.3196
2016-08-31,11.3241
2016-09-01,11.3281
2016-09-02,11.3315
2016-09-06,11.3429
2016-09-07,11.3559
2016-09-08,11.3643
2016-09-09,11.3671
2016-09-12,11.3681
2016-09-14,11.3611
2016-09-15,11.3648
2016-09-16,11.3681
2016-09-19,11.3744
2016-09-20,11.3722
2016-09-21,11.3747
2016-09-22,11.3934
2016-09-23,11.3992
2016-09-26,11.4147
2016-09-27,11.4228
2016-09-28,11.4249
2016-09-29,11.4108
2016-09-30,11.4205
2016-10-03,11.4395
2016-10-04,11.4475
2016-10-05,11.4756
2016-10-06,11.4852
2016-10-07,11.4805
2016-10-10,11.4913
2016-10-13,11.4979
2016-10-14,11.4906
2016-10-17,11.4873
2016-10-18,11.4949
2016-10-19,11.498
2016-10-20,11.4978
2016-10-21,11.4974
2016-10-24,11.5022
2016-10-25,11.4943
2016-10-26,11.4954
2016-10-27,11.4927
2016-10-28,11.493
2016-11-01,11.5006
2016-11-02,11.5015
2016-11-03,11.5017
2016-11-04,11.4995
2016-11-07,11.5036
2016-11-08,11.5055
2016-11-09,11.5359
2016-11-10,11.5469
2016-11-11,11.5441
2016-11-15,11.5892
2016-11-16,11.6419
2016-11-17,11.6444
2016-11-18,11.6405
2016-11-21,11.6768
2016-11-22,11.6822
2016-11-23,11.6884
2016-11-24,11.712
2016-11-25,11.7103
2016-11-28,11.3399
2016-11-29,11.3334
2016-11-30,11.3482
2016-12-01,11.3566
2016-12-02,11.3529
2016-12-05,11.3621
2016-12-06,11.3609
2016-12-07,11.2952
2016-12-08,11.2741
2016-12-09,11.2787
2016-12-13,11.2856
2016-12-14,11.2908
2016-12-15,11.2714
2016-12-16,11.2666
2016-12-19,11.2729
2016-12-20,11.276
2016-12-21,11.278
2016-12-22,11.2739
2016-12-23,11.269
2016-12-26,11.264
2016-12-27,11.252
2016-12-28,11.2532
2016-12-29,11.2714
2016-12-30,11.2836
2017-01-02,11.3221
2017-01-03,11.3303
2017-01-04,11.3397
2017-01-05,11.3444
2017-01-06,11.3492
2017-01-09,11.3548
2017-01-10,11.3583
2017-01-11,11.3646
2017-01-12,11.3713
2017-01-13,11.37
2017-01-16,11.3739
2017-01-17,11.3747
2017-01-18,11.3777
2017-01-19,11.3745
2017-01-20,11.3766
2017-01-23,11.3818
2017-01-24,11.3817
2017-01-25,11.3832
2017-01-27,11.3871
2017-01-30,11.3949
2017-01-31,11.3977
2017-02-01,11.3994
2017-02-02,11.4057
2017-02-03,11.4075
2017-02-06,11.4151
2017-02-07,11.4198
2017-02-08,11.3434
2017-02-09,11.3242
2017-02-10,11.3457
2017-02-13,11.356
2017-02-14,11.3537
2017-02-15,11.358
2017-02-16,11.3578
2017-02-17,11.3564
2017-02-20,11.3587
2017-02-22,11.353
2017-02-23,11.3503
2017-02-27,11.3615
2017-02-28,11.3654
2017-03-01,11.3569
2017-03-02,11.3552
2017-03-03,11.3606
2017-03-06,11.3537
2017-03-07,11.3482
2017-03-08,11.3433
2017-03-09,11.3404
2017-03-10,11.3322
2017-03-14,11.3388
2017-03-15,11.3536
2017-03-16,11.364
2017-03-17,11.3626
2017-03-20,11.3663
2017-03-21,11.3718
2017-03-22,11.3916
2017-03-23,11.3965
2017-03-24,11.4008
2017-03-27,11.4165
2017-03-29,11.4188
2017-03-30,11.4275
2017-03-31,11.4335
2017-04-03,11.4416
2017-04-05,11.4415
2017-04-06,11.4217
2017-04-07,11.418
2017-04-10,11.4228
2017-04-11,11.4368
2017-04-12,11.4453
2017-04-13,11.4558
2017-04-17,11.4578
2017-04-18,11.4606
2017-04-19,11.4679
2017-04-20,11.4711
2017-04-21,11.4614
2017-04-24,11.4655
2017-04-25,11.4706
2017-04-26,11.4627
2017-04-27,11.4656
2017-04-28,11.4663
2017-05-02,11.4689
2017-05-03,11.4718
2017-05-04,11.4726
2017-05-05,11.4794
2017-05-08,11.4864
2017-05-09,11.4902
2017-05-11,11.4923
2017-05-12,11.4991
2017-05-15,11.5199
2017-05-16,11.5165
2017-05-17,11.5164
2017-05-18,11.5184
2017-05-19,11.5198
2017-05-22,11.5308
2017-05-23,11.5346
2017-05-24,11.5363
2017-05-25,11.5459
2017-05-26,11.5525
2017-05-29,11.2048
2017-05-30,11.207
2017-05-31,11.2107
2017-06-01,11.2226
2017-06-02,11.2261
2017-06-05,11.2306
2017-06-06,11.2343
2017-06-07,11.2555
2017-06-08,11.2797
2017-06-09,11.2872
2017-06-12,11.2921
2017-06-13,11.3011
2017-06-14,11.3004
2017-06-15,11.3039
2017-06-16,11.3016
2017-06-19,11.3083
2017-06-20,11.3111
2017-06-21,11.3157
2017-06-22,11.3146
2017-06-23,11.315
2017-06-27,11.3192
2017-06-28,11.3118
2017-06-29,11.313
2017-06-30,11.3126
2017-07-03,11.3024
2017-07-04,11.3095
2017-07-05,11.3179
2017-07-06,11.3252
2017-07-07,11.329
2017-07-10,11.3429
2017-07-11,11.3459
2017-07-12,11.3512
2017-07-13,11.3563
2017-07-14,11.3572
2017-07-17,11.365
2017-07-18,11.3714
2017-07-19,11.3779
2017-07-20,11.3811
2017-07-21,11.3904
2017-07-24,11.3972
2017-07-25,11.3977
2017-07-26,11.3962
2017-07-27,11.4006
2017-07-28,11.4
2017-07-31,11.4031
2017-08-01,11.4084
2017-08-02,11.4127
2017-08-03,11.4287
2017-08-04,11.4303
2017-08-07,11.4349
2017-08-08,11.4384
2017-08-09,11.4397
2017-08-10,11.4368
2017-08-11,11.4363
2017-08-14,11.4422
2017-08-16,11.4417
2017-08-18,11.4493
2017-08-21,11.4543
2017-08-22,11.4552
2017-08-23,11.4546
2017-08-24,11.4555
2017-08-28,11.4604
2017-08-29,11.4658
2017-08-30,11.467
2017-08-31,11.4726
2017-09-01,11.4844
2017-09-04,11.487
2017-09-05,11.4869
2017-09-06,11.4902
2017-09-07,11.4901
2017-09-08,11.4892
2017-09-11,11.4932
2017-09-12,11.4919
2017-09-13,11.4899
2017-09-14,11.4913
2017-09-15,11.4887
2017-09-18,11.4886
2017-09-19,11.4918
2017-09-20,11.4958
2017-09-21,11.4786
2017-09-22,11.4767
2017-09-25,11.4874
2017-09-26,11.4845
2017-09-27,11.4861
2017-09-28,11.4917
2017-09-29,11.4931
2017-10-03,11.5082
2017-10-04,11.5033
2017-10-05,11.5006
2017-10-06,11.5004
2017-10-09,11.502
2017-10-10,11.5039
2017-10-11,11.5075
2017-10-12,11.51
2017-10-13,11.5212
2017-10-16,11.5292
2017-10-17,11.5304
2017-10-18,11.533
2017-10-23,11.5337
2017-10-24,11.537
2017-10-25,11.5365
2017-10-26,11.539
2017-10-27,11.539
2017-10-30,11.5362
2017-10-31,11.5402
2017-11-01,11.542
2017-11-02,11.5452
2017-11-03,11.5486
2017-11-06,11.5508
2017-11-07,11.5466
2017-11-08,11.547
2017-11-09,11.5511
2017-11-10,11.5498
2017-11-13,11.5534
2017-11-14,11.5385
2017-11-15,11.5406
2017-11-16,11.5314
2017-11-17,11.5379
2017-11-20,11.5634
2017-11-21,11.5645
2017-11-22,11.5525
2017-11-23,11.5468
2017-11-24,11.5473
2017-11-27,11.2004
2017-11-28,11.1999
2017-11-29,11.2015
2017-11-30,11.2
2017-12-04,11.2043
2017-12-05,11.2058
2017-12-06,11.2112
2017-12-07,11.2118
2017-12-08,11.2098
2017-12-11,11.2009
2017-12-12,11.1977
2017-12-13,11.1948
2017-12-14,11.1972
2017-12-15,11.1968
2017-12-18,11.1997
2017-12-19,11.2006
2017-12-20,11.1933
2017-12-21,11.1855
2017-12-22,11.1798
2017-12-26,11.1811
2017-12-27,11.1828
2017-12-28,11.1583
2017-12-29,11.1766
2018-01-01,11.1851
2018-01-02,11.1847
2018-01-03,11.1868
2018-01-04,11.1819
2018-01-05,11.2006
2018-01-08,11.204
2018-01-09,11.2001
2018-01-10,11.1867
2018-01-11,11.1854
2018-01-12,11.1849
2018-01-15,11.1921
2018-01-16,11.1733
2018-01-17,11.1988
2018-01-18,11.1926
2018-01-19,11.1942
2018-01-22,11.2001
2018-01-23,11.2103
2018-01-24,11.2083
2018-01-25,11.2058
2018-01-29,11.2018
2018-01-30,11.1996
2018-01-31,11.2026
2018-02-01,11.1755
2018-02-02,11.1791
2018-02-05,11.1805
2018-02-06,11.188
2018-02-07,11.2014
2018-02-08,11.213
2018-02-09,11.2117
2018-02-12,11.2169
2018-02-14,11.2231
2018-02-15,11.2116
2018-02-16,11.214
2018-02-20,11.2072
2018-02-21,11.2017
2018-02-22,11.1911
2018-02-23,11.2025
2018-02-26,11.2044
2018-02-27,11.2034
2018-02-28,11.1996
2018-03-01,11.1959
2018-03-05,11.2026
2018-03-06,11.2055
2018-03-07,11.224
2018-03-08,11.2295
2018-03-09,11.2291
2018-03-12,11.2437
2018-03-13,11.2507
2018-03-14,11.2535
2018-03-15,11.2614
2018-03-16,11.2792
2018-03-19,11.2782
2018-03-20,11.2779
2018-03-21,11.279
2018-03-22,11.2846
2018-03-23,11.2884
2018-03-26,11.2864
2018-03-27,11.3323
2018-03-28,11.337
2018-04-03,11.3611
2018-04-04,11.366
2018-04-05,11.3916
2018-04-06,11.3912
2018-04-09,11.3913
2018-04-10,11.371
2018-04-11,11.3516
2018-04-12,11.355
2018-04-13,11.3584
2018-04-16,11.3585
2018-04-17,11.3563
2018-04-18,11.346
2018-04-19,11.3244
2018-04-20,11.3065
2018-04-23,11.303
2018-04-24,11.3048
2018-04-25,11.2893
2018-04-26,11.2779
2018-04-27,11.2777
2018-05-02,11.293
2018-05-03,11.2946
2018-05-04,11.297
2018-05-07,11.3131
2018-05-08,11.3187
2018-05-09,11.3023
2018-05-10,11.2981
2018-05-11,11.2958
2018-05-14,11.2878
2018-05-15,11.274
2018-05-16,11.2568
2018-05-17,11.2498
2018-05-18,11.2638
2018-05-21,11.2665
2018-05-22,11.2691
2018-05-23,11.2674
2018-05-24,11.2677
2018-05-25,11.2798
2018-05-28,10.9404
2018-05-29,10.945
2018-05-30,10.9506
2018-05-31,10.9355
2018-06-01,10.9345
2018-06-04,10.9381
2018-06-05,10.9432
2018-06-06,10.931
2018-06-07,10.9208
2018-06-08,10.9249
2018-06-11,10.9295
2018-06-12,10.9331
2018-06-13,10.9405
2018-06-14,10.9457
2018-06-15,10.9514
2018-06-18,10.9627
2018-06-19,10.967
2018-06-20,10.9712
2018-06-21,10.9804
2018-06-22,10.9819
2018-06-25,10.9864
2018-06-26,10.9888
2018-06-27,10.9872
2018-06-28,10.98
2018-06-29,10.9834
2018-07-02,10.9945
2018-07-03,10.9974
2018-07-04,11.0064
2018-07-05,11.0076
2018-07-06,11.0053
2018-07-09,11.0138
2018-07-10,11.0173
2018-07-11,11.0198
2018-07-12,11.0288
2018-07-13,11.0382
2018-07-16,11.04
2018-07-17,11.0514
2018-07-18,11.0522
2018-07-19,11.0531
2018-07-20,11.0519
2018-07-23,11.0572
2018-07-24,11.0579
2018-07-25,11.0582
2018-07-26,11.0619
2018-07-27,11.0643
2018-07-30,11.0695
2018-07-31,11.0747
2018-08-01,11.0843
2018-08-02,11.0899
2018-08-03,11.0882
2018-08-06,11.0948
2018-08-07,11.0953
2018-08-08,11.0996
2018-08-09,11.1019
2018-08-10,11.105
2018-08-13,11.1052
2018-08-14,11.1077
2018-08-16,11.1055
2018-08-20,11.1152
2018-08-21,11.1183
2018-08-23,11.121
2018-08-24,11.1197
2018-08-27,11.1269
2018-08-28,11.1277
2018-08-29,11.1291
2018-08-30,11.1236
2018-08-31,11.1222
2018-09-03,11.1251
2018-09-04,11.1105
2018-09-05,11.0991
2018-09-06,11.0969
2018-09-07,11.1021
2018-09-10,11.087
2018-09-11,11.0864
2018-09-12,11.0813
2018-09-14,11.088
2018-09-17,11.0887
2018-09-18,11.0914
2018-09-19,11.0916
2018-09-21,11.0868
2018-09-24,11.0656
2018-09-25,11.0533
2018-09-26,11.0624
2018-09-27,11.082
2018-09-28,11.0987
2018-10-01,11.1101
2018-10-03,11.1024
2018-10-04,11.0879
2018-10-05,11.1108
2018-10-08,11.1207
2018-10-09,11.113
2018-10-10,11.12
2018-10-11,11.1261
2018-10-12,11.1323
2018-10-15,11.1479
2018-10-16,11.1557
2018-10-17,11.1548
2018-10-19,11.1603
2018-10-22,11.1644
2018-10-23,11.1647
2018-10-24,11.1643
2018-10-25,11.1653
2018-10-26,11.1665
2018-10-29,11.1713
2018-10-30,11.1731
2018-10-31,11.1743
2018-11-01,11.1804
2018-11-02,11.1915
2018-11-05,11.1992
2018-11-06,11.202
2018-11-09,11.2099
2018-11-12,11.2141
2018-11-13,11.2224
2018-11-14,11.2316
2018-11-15,11.239
2018-11-16,11.2393
2018-11-19,11.2469
2018-11-20,11.2511
2018-11-22,11.2605
2018-11-26,11.2711
2018-11-27,11.2722
2018-11-28,11.2806
2018-11-29,11.2925
2018-11-30,11.3015
2018-12-03,10.9544
2018-12-04,10.9595
2018-12-05,10.9763
2018-12-06,10.9832
2018-12-07,10.9801
2018-12-10,10.9638
2018-12-11,10.9606
2018-12-12,10.9722
2018-12-13,10.9705
2018-12-14,10.9721
2018-12-17,10.9804
2018-12-18,10.9843
2018-12-19,11.0105
2018-12-20,11.0154
2018-12-21,11.0218
2018-12-24,11.027
2018-12-26,11.0408
2018-12-27,11.0492
2018-12-28,11.044
2018-12-31,11.0499
2019-01-01,11.0475
2019-01-02,11.051
2019-01-03,11.0503
2019-01-04,11.0566
2019-01-07,11.0632
2019-01-08,11.0765
2019-01-09,11.0816
2019-01-10,11.084
2019-01-11,11.0919
2019-01-14,11.1066
2019-01-15,11.1054
2019-01-16,11.0993
2019-01-17,11.1007
2019-01-18,11.102
2019-01-21,11.0995
2019-01-22,11.1103
2019-01-23,11.1118
2019-01-24,11.1139
2019-01-25,11.1167
2019-01-28,11.122
2019-01-29,11.1236
2019-01-30,11.1199
2019-01-31,11.1237
2019-02-01,11.105
2019-02-04,11.1037
2019-02-05,11.1037
2019-02-06,11.1094
2019-02-07,11.1382
2019-02-08,11.1511
2019-02-11,11.1532
2019-02-12,11.1545
2019-02-13,11.1824
2019-02-14,11.177
2019-02-15,11.1743
2019-02-18,11.1669
2019-02-20,11.1742
2019-02-21,11.1725
2019-02-22,11.177
2019-02-25,11.1809
2019-02-26,11.1805
2019-02-27,11.1706
2019-02-28,11.1738
2019-03-01,11.1831
2019-03-05,11.2006
2019-03-06,11.2046
2019-03-07,11.2172
2019-03-08,11.223
2019-03-11,11.2406
2019-03-12,11.2538
2019-03-13,11.2559
2019-03-14,11.2796
2019-03-15,11.2811
2019-03-18,11.2947
2019-03-19,11.2895
2019-03-20,11.2965
2019-03-22,11.3063
2019-03-25,11.323
2019-03-26,11.3216
2019-03-27,11.3229
2019-03-28,11.3321
2019-03-29,11.35
2019-04-02,11.3877
2019-04-03,11.3833
2019-04-04,11.3683
2019-04-05,11.3595
2019-04-08,11.3506
2019-04-09,11.3522
2019-04-10,11.356
2019-04-11,11.3533
2019-04-12,11.3524
2019-04-15,11.3563
2019-04-16,11.3559
2019-04-18,11.359
2019-04-22,11.351
2019-04-23,11.3519
2019-04-24,11.3564
2019-04-25,11.3472
2019-04-26,11.3493
2019-04-30,11.3588
2019-05-02,11.3615
2019-05-03,11.3579
2019-05-06,11.3656
2019-05-07,11.3691
2019-05-08,11.376
2019-05-09,11.3776
2019-05-10,11.3781
2019-05-13,11.388
2019-05-14,11.3983
2019-05-15,11.4038
2019-05-16,11.406
2019-05-17,11.4126
2019-05-20,11.4362
2019-05-21,11.4371
2019-05-22,11.4432
2019-05-23,11.4616
2019-05-24,11.4748
2019-05-27,11.506
2019-05-28,11.5144
2019-05-29,11.517
2019-05-30,11.5127
2019-05-31,11.5389
2019-06-03,11.2028
2019-06-04,11.1954
2019-06-06,11.2198
2019-06-07,11.2056
2019-06-10,11.1928
2019-06-11,11.1947
2019-06-12,11.2041
2019-06-13,11.2093
2019-06-14,11.2249
2019-06-17,11.2301
2019-06-18,11.2532
2019-06-19,11.2563
2019-06-20,11.2654
2019-06-21,11.248
2019-06-24,11.2503
2019-06-25,11.2455
2019-06-26,11.2367
2019-06-27,11.243
2019-06-28,11.2463
2019-07-01,11.2494
2019-07-02,11.2552
2019-07-03,11.2653
2019-07-04,11.2763
2019-07-05,11.2958
2019-07-08,11.3173
2019-07-09,11.3206
2019-07-10,11.3292
2019-07-11,11.3357
2019-07-12,11.3409
2019-07-15,11.3554
2019-07-16,11.3737
2019-07-17,11.3708
2019-07-18,11.371
2019-07-19,11.3742
2019-07-22,11.3711
2019-07-23,11.3668
2019-07-24,11.3713
2019-07-25,11.3568
2019-07-26,11.3582
2019-07-29,11.3775
2019-07-30,11.3892
2019-07-31,11.3991
2019-08-01,11.4055
2019-08-02,11.4247
2019-08-05,11.4161
2019-08-06,11.4262
2019-08-07,11.4373
2019-08-08,11.4491
2019-08-09,11.438
2019-08-13,11.4413
2019-08-14,11.4223
2019-08-16,11.4353
2019-08-19,11.4383
2019-08-20,11.4466
2019-08-21,11.4609
2019-08-22,11.4698
2019-08-23,11.4741
2019-08-26,11.4932
2019-08-27,11.4962
2019-08-28,11.4932
2019-08-29,11.4876
2019-08-30,11.4888
2019-09-03,11.509
2019-09-04,11.5137
2019-09-05,11.5108
2019-09-06,11.5108
2019-09-09,11.5214
2019-09-11,11.5079
2019-09-12,11.5029
2019-09-13,11.508
2019-09-16,11.501
2019-09-17,11.4973
2019-09-18,11.5195
2019-09-19,11.521
2019-09-20,11.4782
2019-09-23,11.4867
2019-09-24,11.4857
2019-09-25,11.4864
2019-09-26,11.4931
2019-09-27,11.4922
2019-09-30,11.5077
2019-10-01,11.517
2019-10-03,11.5336
2019-10-04,11.5279
2019-10-07,11.5349
2019-10-09,11.5387
2019-10-10,11.5408
2019-10-11,11.5448
2019-10-14,11.5534
2019-10-15,11.5572
2019-10-16,11.563
2019-10-17,11.5675
2019-10-18,11.57
2019-10-22,11.582
2019-10-23,11.5904
2019-10-24,11.5962
2019-10-25,11.6
2019-10-29,11.608
2019-10-30,11.6069
2019-10-31,11.6212
2019-11-01,11.6315
2019-11-04,11.633
2019-11-05,11.6314
2019-11-06,11.632
2019-11-07,11.6331
2019-11-08,11.63
2019-11-11,11.6341
2019-11-13,11.6428
2019-11-14,11.6517
2019-11-15,11.6604
2019-11-18,11.67
2019-11-19,11.6749
2019-11-20,11.6824
2019-11-21,11.6815
2019-11-22,11.6833
2019-11-25,11.6925
2019-11-26,11.6941
2019-11-27,11.6971
2019-11-28,11.7049
2019-11-29,11.7088
2019-12-02,11.413
2019-12-03,11.4145
2019-12-04,11.4221
2019-12-05,11.3904
2019-12-06,11.3815
2019-12-09,11.3805
2019-12-10,11.3784
2019-12-11,11.3711
2019-12-12,11.3706
2019-12-13,11.3668
2019-12-16,11.3744
2019-12-17,11.3793
2019-12-18,11.3874
2019-12-19,11.3914
2019-12-20,11.4075
2019-12-23,11.4143
2019-12-24,11.4149
2019-12-26,11.4159
2019-12-27,11.4201
2019-12-30,11.4231
2019-12-31,11.4224
2020-01-01,11.4286
2020-01-02,11.4297
2020-01-03,11.4371
2020-01-06,11.436
2020-01-07,11.4393
2020-01-08,11.444
2020-01-09,11.45
2020-01-10,11.4462
2020-01-13,11.4507
2020-01-14,11.4438
2020-01-15,11.4471
2020-01-16,11.4524
2020-01-17,11.4551
2020-01-20,11.4603
2020-01-21,11.465
2020-01-22,11.4699
2020-01-23,11.4764
2020-01-24,11.4821
2020-01-27,11.4975
2020-01-28,11.4988
2020-01-29,11.4996
2020-01-30,11.501
2020-01-31,11.5013
2020-02-03,11.5213
2020-02-04,11.5261
2020-02-05,11.5272
2020-02-06,11.5609
2020-02-07,11.5806
2020-02-10,11.5896
2020-02-11,11.5899
2020-02-12,11.588
2020-02-13,11.5969
2020-02-14,11.6051
2020-02-17,11.6116
2020-02-18,11.6081
2020-02-20,11.6078
2020-02-24,11.622
2020-02-25,11.6213
2020-02-26,11.6238
2020-02-27,11.6217
2020-02-28,11.6155
2020-03-02,11.6226
2020-03-03,11.624
2020-03-04,11.6511
2020-03-05,11.6529
2020-03-06,11.6596
2020-03-09,11.6658
2020-03-11,11.6487
2020-03-12,11.6075
2020-03-13,11.5647
2020-03-16,11.5675
2020-03-17,11.5331
2020-03-18,11.5002
2020-03-19,11.4312
2020-03-20,11.4635
2020-03-23,11.4284
2020-03-24,11.431
2020-03-26,11.4468
2020-03-27,11.6401
2020-03-30,11.6414
2020-03-31,11.6593
2020-04-03,11.6518
2020-04-07,11.6289
2020-04-08,11.5944
2020-04-09,11.5894
2020-04-13,11.5987
2020-04-15,11.6137
2020-04-16,11.6352
2020-04-17,11.6868
2020-04-20,11.7361
2020-04-21,11.7492
2020-04-22,11.7551
2020-04-23,11.7886
2020-04-24,11.7323
2020-04-27,11.7334
2020-04-28,11.722
2020-04-29,11.7286
2020-04-30,11.7375
2020-05-04,11.7552
2020-05-05,11.7763
2020-05-06,11.797
2020-05-08,11.82
2020-05-11,11.8034
2020-05-12,11.8204
2020-05-13,11.8309
2020-05-14,11.8527
2020-05-15,11.855
2020-05-18,11.8688
2020-05-19,11.8803
2020-05-20,11.8907
2020-05-21,11.9006
2020-05-22,11.9437
2020-05-26,11.9546
2020-05-27,11.9549
2020-05-28,11.9523
2020-05-29,11.9492
2020-06-01,11.5921
2020-06-02,11.5947
2020-06-03,11.5988
2020-06-04,11.5989
2020-06-05,11.6039
2020-06-08,11.6066
2020-06-09,11.6134
2020-06-10,11.6241
2020-06-11,11.6295
2020-06-12,11.6305
2020-06-15,11.6402
2020-06-16,11.6435
2020-06-17,11.6522
2020-06-18,11.6713
2020-06-19,11.6901
2020-06-22,11.6939
2020-06-23,11.6985
2020-06-24,11.7001
2020-06-25,11.7137
2020-06-26,11.7311
2020-06-29,11.7398
2020-06-30,11.7485
2020-07-01,11.7598
2020-07-02,11.7716
2020-07-03,11.776
2020-07-06,11.7906
2020-07-07,11.8031
2020-07-08,11.8271
2020-07-09,11.8349
2020-07-10,11.8583
2020-07-13,11.8639
2020-07-14,11.8533
2020-07-15,11.8725
2020-07-16,11.878
2020-07-17,11.8792
2020-07-20,11.8839
2020-07-21,11.8752
2020-07-22,11.8743
2020-07-23,11.8757
2020-07-24,11.8748
2020-07-27,11.8655
2020-07-28,11.8582
2020-07-29,11.8639
2020-07-30,11.8696
2020-07-31,11.8804
2020-08-03,11.8835
2020-08-04,11.8855
2020-08-05,11.8885
2020-08-06,11.8733
2020-08-07,11.865
2020-08-10,11.8592
2020-08-11,11.8566
2020-08-12,11.8555
2020-08-13,11.8623
2020-08-14,11.8533
2020-08-17,11.8555
2020-08-18,11.849
2020-08-19,11.8465
2020-08-20,11.8553
2020-08-21,11.8191
2020-08-24,11.7931
2020-08-25,11.8026
2020-08-26,11.7954
2020-08-27,11.793
2020-08-28,11.7861
2020-08-31,11.833
2020-09-01,11.8771
2020-09-02,11.8806
2020-09-03,11.9046
2020-09-04,11.9055
2020-09-07,11.8874
2020-09-08,11.8596
2020-09-09,11.866
2020-09-10,11.8625
2020-09-11,11.8578
2020-09-14,11.8627
2020-09-15,11.8611
2020-09-16,11.8699
2020-09-17,11.8706
2020-09-18,11.875
2020-09-21,11.8827
2020-09-22,11.8765
2020-09-23,11.8796
2020-09-24,11.8759
2020-09-25,11.8696
2020-09-28,11.8683
2020-09-29,11.8658
2020-09-30,11.8754
2020-10-01,11.8899
2020-10-05,11.8981
2020-10-06,11.9022
2020-10-07,11.9095
2020-10-08,11.9142
2020-10-09,11.9649
2020-10-12,11.9726
2020-10-13,11.9831
2020-10-14,11.9891
2020-10-15,11.9963
2020-10-16,11.9933
2020-10-19,12.0049
2020-10-20,12.0115
2020-10-21,12.0181
2020-10-22,12.0177
2020-10-23,12.0282
2020-10-26,12.0452
2020-10-27,12.0429
2020-10-28,12.0412
2020-10-29,12.0394
2020-11-02,12.0441
2020-11-03,12.0391
2020-11-04,12.0381
2020-11-05,12.0525
2020-11-06,12.0613
2020-11-09,12.0615
2020-11-10,12.0586
2020-11-11,12.0578
2020-11-12,12.0647
2020-11-13,12.0714
2020-11-17,12.0817
2020-11-18,12.0845
2020-11-19,12.0928
2020-11-20,12.1
2020-11-23,12.1038
2020-11-24,12.1036
2020-11-25,12.1117
2020-11-26,12.1185
2020-11-27,12.1178
2020-12-01,11.7657
2020-12-02,11.7618
2020-12-03,11.7564
2020-12-04,11.7704
2020-12-07,11.7722
2020-12-08,11.7693
2020-12-09,11.7666
2020-12-10,11.7687
2020-12-11,11.762
2020-12-14,11.7675
2020-12-15,11.7721
2020-12-16,11.7733
2020-12-17,11.7768
2020-12-18,11.7758
2020-12-21,11.7703
2020-12-22,11.774
2020-12-23,11.7748
2020-12-24,11.7761
2020-12-28,11.7862
2020-12-29,11.7937
2020-12-30,11.799
2020-12-31,11.7994
2021-01-01,11.8047
2021-01-04,11.8117
2021-01-05,11.8229
2021-01-06,11.8229
2021-01-07,11.828
2021-01-08,11.8326
2021-01-11,11.8135
2021-01-12,11.802
2021-01-13,11.7971
2021-01-14,11.7798
2021-01-15,11.7698
2021-01-18,11.7602
2021-01-19,11.76
2021-01-20,11.7669
2021-01-21,11.7711
2021-01-22,11.7665
2021-01-25,11.7693
2021-01-27,11.7768
2021-01-28,11.7805
2021-01-29,11.7839
2021-02-01,11.7446
2021-02-02,11.716
2021-02-03,11.7174
2021-02-04,11.7188
2021-02-05,11.7064
2021-02-08,11.7149
2021-02-09,11.7026
2021-02-10,11.7077
2021-02-11,11.7184
2021-02-12,11.7236
2021-02-15,11.7251
2021-02-16,11.7317
2021-02-17,11.7308
2021-02-18,11.7287
2021-02-22,11.7076
2021-02-23,11.7026
2021-02-24,11.7028
2021-02-25,11.7006
2021-02-26,11.6935
2021-03-01,11.6985
2021-03-02,11.707
2021-03-03,11.7099
2021-03-04,11.7125
2021-03-05,11.7085
2021-03-08,11.7148
2021-03-09,11.7134
2021-03-10,11.7146
2021-03-12,11.7136
2021-03-15,11.7041
2021-03-16,11.7077
2021-03-17,11.7102
2021-03-18,11.7078
2021-03-19,11.7282
2021-03-22,11.7422
2021-03-23,11.7672
2021-03-24,11.7709
2021-03-25,11.7728
2021-03-26,11.7758
2021-03-30,11.7855
2021-03-31,11.7971
2021-04-05,11.8154
2021-04-06,11.8267
2021-04-07,11.8217
2021-04-08,11.822
2021-04-09,11.8297
2021-04-12,11.8339
2021-04-15,11.826
2021-04-16,11.8234
2021-04-19,11.8329
2021-04-20,11.8366
2021-04-22,11.84
2021-04-23,11.8484
2021-04-26,11.862
2021-04-27,11.8665
2021-04-28,11.8739
2021-04-29,11.8728
2021-04-30,11.8764
2021-05-03,11.8822
2021-05-04,11.8853
2021-05-05,11.8898
2021-05-06,11.8941
2021-05-07,11.8975
2021-05-10,11.9013
2021-05-11,11.904
2021-05-12,11.9034
2021-05-14,11.9036
2021-05-17,11.9086
2021-05-18,11.9127
2021-05-19,11.9135
2021-05-20,11.9171
2021-05-21,11.9201
2021-05-24,11.9253
2021-05-25,11.9272
2021-05-27,11.932
2021-05-28,11.9304
2021-05-31,11.6281
2021-06-01,11.6287
2021-06-02,11.6267
2021-06-03,11.631
2021-06-04,11.6315
2021-06-07,11.6387
2021-06-08,11.6417
2021-06-09,11.6459
2021-06-10,11.6521
2021-06-11,11.6579
2021-06-14,11.6618
2021-06-15,11.6508
2021-06-16,11.6351
2021-06-17,11.6326
2021-06-18,11.6363
2021-06-21,11.6404
2021-06-22,11.6341
2021-06-23,11.6345
2021-06-24,11.6353
2021-06-25,11.6327
2021-06-28,11.6303
2021-06-29,11.6318
2021-06-30,11.6293
2021-07-01,11.6299
2021-07-02,11.63
2021-07-05,11.6384
2021-07-06,11.6327
2021-07-07,11.638
2021-07-08,11.6529
2021-07-09,11.6531
2021-07-12,11.6515
2021-07-13,11.6609
2021-07-14,11.6613
2021-07-15,11.6674
2021-07-16,11.6761
2021-07-19,11.678
2021-07-20,11.6854
2021-07-22,11.6843
2021-07-23,11.6839
2021-07-26,11.6892
2021-07-27,11.6926
2021-07-28,11.694
2021-07-29,11.6969
2021-07-30,11.6979
2021-08-02,11.7024
2021-08-03,11.7049
2021-08-04,11.7076
2021-08-05,11.7101
2021-08-06,11.7017
2021-08-09,11.7038
2021-08-10,11.7094
2021-08-11,11.712
2021-08-12,11.7172
2021-08-13,11.7252
2021-08-17,11.7357
2021-08-18,11.7422
2021-08-20,11.7451
2021-08-23,11.7466
2021-08-24,11.748
2021-08-25,11.7477
2021-08-26,11.7493
2021-08-27,11.7508
2021-08-30,11.7584
2021-08-31,11.7637
2021-09-01,11.772
2021-09-02,11.7746
2021-09-03,11.7756
2021-09-06,11.7803
2021-09-07,11.7769
2021-09-08,11.7758
2021-09-09,11.7751
2021-09-13,11.7775
2021-09-14,11.7761
2021-09-15,11.7807
2021-09-16,11.7809
2021-09-17,11.7813
2021-09-20,11.7845
2021-09-21,11.7864
2021-09-22,11.7884
2021-09-23,11.7868
2021-09-24,11.7771
2021-09-27,11.7736
2021-09-28,11.7736
2021-09-29,11.7707
2021-09-30,11.7718
2021-10-01,11.7699
2021-10-04,11.772
2021-10-05,11.7622
2021-10-06,11.762
2021-10-07,11.7619
2021-10-08,11.7644
2021-10-11,11.7658
2021-10-12,11.7702
2021-10-13,11.7746
2021-10-14,11.7743
2021-10-18,11.772
2021-10-20,11.7714
2021-10-21,11.776
2021-10-22,11.7763
2021-10-25,11.7751
2021-10-26,11.7748
2021-10-27,11.7755
2021-10-28,11.7748
2021-10-29,11.7714
2021-11-01,11.7718
2021-11-02,11.7719
2021-11-03,11.7754
2021-11-08,11.7908
2021-11-09,11.796
2021-11-10,11.7976
2021-11-11,11.7921
2021-11-12,11.7921
2021-11-15,11.7964
2021-11-16,11.7985
2021-11-17,11.7979
2021-11-18,11.8008
2021-11-22,11.8056
2021-11-23,11.8049
2021-11-24,11.8024
2021-11-25,11.8034
2021-11-26,11.8087
2021-11-29,11.5129
2021-11-30,11.5158
2021-12-01,11.5156
2021-12-02,11.518
2021-12-03,11.5187
2021-12-06,11.5208
2021-12-07,11.5197
2021-12-08,11.5256
2021-12-09,11.5263
2021-12-10,11.5274
2021-12-13,11.5285
2021-12-14,11.5293
2021-12-15,11.5289
2021-12-16,11.5299
2021-12-17,11.5293
2021-12-20,11.5258
2021-12-21,11.5197
2021-12-22,11.5175
2021-12-23,11.5188
2021-12-24,11.521
2021-12-27,11.5257
2021-12-28,11.5239
2021-12-29,11.526
2021-12-30,11.5262
2021-12-31,11.5282
2022-01-03,11.5298
2022-01-04,11.5252
2022-01-05,11.5255
2022-01-06,11.524
2022-01-07,11.5256
2022-01-10,11.5265
2022-01-11,11.5303
2022-01-12,11.5331
2022-01-13,11.5371
2022-01-14,11.5394
2022-01-17,11.5404
2022-01-18,11.5399
2022-01-19,11.5391
2022-01-20,11.5418
2022-01-21,11.5432
2022-01-24,11.5456
2022-01-25,11.5484
2022-01-27,11.5445
2022-01-28,11.5465
2022-01-31,11.5532
2022-02-01,11.5375
2022-02-02,11.5313
2022-02-03,11.5329
2022-02-04,11.5327
2022-02-08,11.5416
2022-02-09,11.5425
2022-02-10,11.5652
2022-02-11,11.5697
2022-02-14,11.5784
2022-02-15,11.5795
2022-02-16,11.5821
2022-02-17,11.5849
2022-02-18,11.5878
2022-02-21,11.5881
2022-02-22,11.5878
2022-02-23,11.5887
2022-02-24,11.5867
2022-02-25,11.5876
2022-02-28,11.5886
2022-03-02,11.582
2022-03-03,11.5789
2022-03-04,11.5805
2022-03-07,11.5747
2022-03-08,11.5737
2022-03-09,11.5751
2022-03-10,11.5778
2022-03-11,11.5796
2022-03-14,11.5853
2022-03-15,11.5956
2022-03-16,11.5999
2022-03-17,11.602
2022-03-21,11.6076
2022-03-22,11.6055
2022-03-23,11.607
2022-03-24,11.6094
2022-03-25,11.6126
2022-03-28,11.6159
2022-03-29,11.6159
2022-03-30,11.6209
2022-03-31,11.6238
2022-04-04,11.6269
2022-04-05,11.6277
2022-04-06,11.6277
2022-04-07,11.6292
2022-04-08,11.6037
2022-04-11,11.595
2022-04-12,11.5935
2022-04-13,11.5788
2022-04-18,11.5878
2022-04-19,11.5977
2022-04-20,11.5988
2022-04-21,11.6002
2022-04-22,11.601
2022-04-25,11.6091
2022-04-26,11.6101
2022-04-27,11.6113
2022-04-28,11.6095
2022-04-29,11.61
2022-05-02,11.6139
2022-05-04,11.5522
2022-05-05,11.5368
2022-05-06,11.5202
2022-05-09,11.5167
2022-05-10,11.5233
2022-05-11,11.5265
2022-05-12,11.529
2022-05-13,11.5166
2022-05-17,11.5217
2022-05-18,11.5278
2022-05-19,11.5302
2022-05-20,11.5282
2022-05-23,11.5345
2022-05-24,11.5418
2022-05-25,11.5458
2022-05-26,11.5455
2022-05-27,11.5425
2022-05-30,11.3125
2022-05-31,11.3096
2022-06-01,11.3121
2022-06-02,11.3081
2022-06-03,11.3077
2022-06-06,11.3053
2022-06-07,11.292
2022-06-08,11.3066
2022-06-09,11.309
2022-06-10,11.3089
2022-06-13,11.3022
2022-06-14,11.3002
2022-06-15,11.299
2022-06-16,11.2972
2022-06-17,11.3022
2022-06-20,11.3168
2022-06-21,11.3172
2022-06-22,11.3265
2022-06-23,11.3285
2022-06-24,11.3306
2022-06-27,11.336
2022-06-28,11.3344
2022-06-29,11.3376
2022-06-30,11.3388
2022-07-01,11.348
2022-07-04,11.3602
2022-07-05,11.3653
2022-07-06,11.3804
2022-07-07,11.3765
2022-07-08,11.3732
2022-07-11,11.3731
2022-07-12,11.3773
2022-07-13,11.3867
2022-07-14,11.3849
2022-07-15,11.3818
2022-07-18,11.3863
2022-07-19,11.3872
2022-07-20,11.3878
2022-07-21,11.3906
2022-07-22,11.3929
2022-07-25,11.4003
2022-07-26,11.3986
2022-07-27,11.3996
2022-07-28,11.4034
2022-07-29,11.4079
2022-08-01,11.4178
2022-08-02,11.4249
2022-08-03,11.422
2022-08-04,11.4288
2022-08-05,11.4169
2022-08-08,11.4207
2022-08-10,11.4298
2022-08-11,11.4363
2022-08-12,11.4367
2022-08-17,11.454
2022-08-18,11.4519
2022-08-19,11.4509
2022-08-22,11.4554
2022-08-23,11.4552
2022-08-24,11.4565
2022-08-25,11.4552
2022-08-26,11.4615
2022-08-29,11.4628
2022-08-30,11.4656
2022-09-01,11.4704
2022-09-02,11.4707
2022-09-05,11.475
2022-09-06,11.4778
2022-09-07,11.4768
2022-09-08,11.4813
2022-09-09,11.4828
2022-09-12,11.4832
2022-09-13,11.486
2022-09-14,11.4806
2022-09-15,11.4731
2022-09-16,11.4677
2022-09-19,11.4706
2022-09-20,11.4629
2022-09-21,11.4626
2022-09-22,11.4528
2022-09-23,11.4436
2022-09-26,11.442
2022-09-27,11.4438
2022-09-28,11.4443
2022-09-29,11.452
2022-09-30,11.4589
2022-10-03,11.4597
2022-10-04,11.4716
2022-10-06,11.4678
2022-10-07,11.4589
2022-10-10,11.4537
2022-10-11,11.453
2022-10-12,11.4534
2022-10-13,11.4565
2022-10-14,11.4511
2022-10-17,11.4688
2022-10-18,11.4729
2022-10-19,11.4689
2022-10-20,11.4661
2022-10-21,11.464
2022-10-25,11.4818
2022-10-27,11.4913
2022-10-28,11.492
2022-10-31,11.4938
2022-11-01,11.4986
2022-11-02,11.5013
2022-11-03,11.4977
2022-11-04,11.5006
2022-11-07,11.5071
2022-11-09,11.5153
2022-11-10,11.5232
2022-11-11,11.5362
2022-11-14,11.5399
2022-11-15,11.5473
2022-11-16,11.549
2022-11-17,11.5528
2022-11-18,11.552
2022-11-21,11.5539
2022-11-22,11.5585
2022-11-23,11.5608
2022-11-24,11.5668
2022-11-25,11.5667
2022-11-28,11.3453
2022-11-29,11.3454
2022-11-30,11.3481
2022-12-01,11.3556
2022-12-02,11.3572
2022-12-05,11.3624
2022-12-06,11.3608
2022-12-07,11.3581
2022-12-08,11.3581
2022-12-09,11.3588
2022-12-12,11.3654
2022-12-13,11.3699
2022-12-14,11.3755
2022-12-15,11.3752
2022-12-16,11.375
2022-12-19,11.3801
2022-12-20,11.38
2022-12-21,11.3822
2022-12-22,11.3825
2022-12-23,11.3849
2022-12-26,11.3868
2022-12-27,11.3892
2022-12-28,11.388
2022-12-29,11.3922
2022-12-30,11.3951
2023-01-02,11.3984
2023-01-03,11.4016
2023-01-04,11.4031
2023-01-05,11.405
2023-01-06,11.402
2023-01-09,11.4131
2023-01-10,11.4157
2023-01-11,11.4202
2023-01-12,11.425
2023-01-13,11.4273
2023-01-16,11.4296
2023-01-17,11.4311
2023-01-18,11.4338
2023-01-19,11.4377
2023-01-20,11.4337
2023-01-23,11.4391
2023-01-24,11.4399
2023-01-25,11.4412
2023-01-27,11.4397
2023-01-30,11.4367
2023-01-31,11.4411
2023-02-01,11.4537
2023-02-02,11.4548
2023-02-03,11.4582
2023-02-06,11.461
2023-02-07,11.4644
2023-02-08,11.4582
2023-02-09,11.4594
2023-02-10,11.4593
2023-02-13,11.4653
2023-02-14,11.46
2023-02-15,11.4622
2023-02-16,11.4647
2023-02-17,11.4603
2023-02-20,11.4671
2023-02-21,11.4683
2023-02-22,11.4627
2023-02-23,11.4685
2023-02-24,11.4648
2023-02-27,11.4655
2023-02-28,11.4679
2023-03-01,11.4701
2023-03-02,11.4706
2023-03-03,11.4733
2023-03-06,11.4789
2023-03-08,11.4741
2023-03-09,11.4747
2023-03-10,11.4802
2023-03-13,11.4993
2023-03-14,11.5069
2023-03-15,11.5103
2023-03-16,11.5125
2023-03-17,11.5125
2023-03-20,11.523
2023-03-21,11.5246
2023-03-23,11.5336
2023-03-24,11.5342
2023-03-27,11.5372
2023-03-28,11.5362
2023-03-29,11.5445
2023-03-31,11.555
2023-04-03,11.562
2023-04-05,11.5722
2023-04-06,11.5871
2023-04-10,11.5953
2023-04-11,11.5958
2023-04-12,11.5996
2023-04-13,11.6023
2023-04-17,11.6075
2023-04-18,11.6118
2023-04-19,11.6153
2023-04-20,11.6186
2023-04-21,11.6237
2023-04-24,11.6355
2023-04-25,11.6396
2023-04-26,11.6465
2023-04-27,11.6499
2023-04-28,11.6494
2023-05-02,11.6565
2023-05-03,11.6629
2023-05-04,11.6656
2023-05-08,11.6692
2023-05-09,11.6703
2023-05-10,11.6744
2023-05-11,11.6785
2023-05-12,11.6853
2023-05-15,11.6922
2023-05-16,11.6995
2023-05-17,11.7048
2023-05-18,11.7048
2023-05-19,11.7069
2023-05-22,11.7196
2023-05-23,11.7137
2023-05-24,11.7187
2023-05-25,11.7214
2023-05-26,11.7243
2023-05-29,11.4357
2023-05-30,11.4361
2023-05-31,11.4411
2023-06-01,11.4458
2023-06-02,11.4473
2023-06-05,11.4513
2023-06-06,11.4571
2023-06-07,11.4599
2023-06-08,11.4557
2023-06-09,11.4518
2023-06-12,11.4597
2023-06-13,11.4615
2023-06-14,11.4619
2023-06-15,11.4601
2023-06-16,11.46
2023-06-19,11.4653
2023-06-20,11.4669
2023-06-21,11.4647
2023-06-22,11.4616
2023-06-23,11.4642
2023-06-26,11.4693
2023-06-27,11.4705
2023-06-28,11.4751
2023-06-30,11.471
2023-07-03,11.4745
2023-07-04,11.4759
2023-07-05,11.4781
2023-07-06,11.4737
2023-07-07,11.4731
2023-07-10,11.4782
2023-07-11,11.4842
2023-07-12,11.4848
2023-07-13,11.4957
2023-07-14,11.4986
2023-07-17,11.5075
2023-07-18,11.5147
2023-07-19,11.5151
2023-07-20,11.5163
2023-07-21,11.5158
2023-07-24,11.5244
2023-07-25,11.5222
2023-07-26,11.5264
2023-07-27,11.5257
2023-07-28,11.5147
2023-07-31,11.5169
2023-08-01,11.5256
2023-08-02,11.5275
2023-08-03,11.5239
2023-08-04,11.5227
2023-08-07,11.5289
2023-08-08,11.5298
2023-08-09,11.5286
2023-08-10,11.5309
2023-08-11,11.527
2023-08-14,11.5306
2023-08-17,11.5229
2023-08-18,11.5294
2023-08-21,11.5361
2023-08-22,11.5411
2023-08-23,11.5469
2023-08-24,11.5514
2023-08-25,11.5534
2023-08-28,11.5624
2023-08-29,11.566
2023-08-30,11.5663
2023-08-31,11.5684
2023-09-01,11.5721
2023-09-04,11.5748
2023-09-05,11.5766
2023-09-06,11.5766
2023-09-07,11.5851
2023-09-08,11.5822
2023-09-11,11.5798
2023-09-12,11.5806
2023-09-13,11.5892
2023-09-14,11.6012
2023-09-15,11.5937
2023-09-18,11.599
2023-09-20,11.6047
2023-09-21,11.6078
2023-09-22,11.6094
2023-09-25,11.6134
2023-09-26,11.6164
2023-09-27,11.616
2023-09-29,11.6144
2023-10-03,11.6165
2023-10-04,11.6195
2023-10-05,11.626
2023-10-06,11.6024
2023-10-09,11.6
2023-10-10,11.6032
2023-10-11,11.6121
2023-10-12,11.6148
2023-10-13,11.6175
2023-10-16,11.621
2023-10-17,11.6205
2023-10-18,11.6216
2023-10-19,11.6228
2023-10-20,11.6239
2023-10-23,11.6247
2023-10-25,11.6336
2023-10-26,11.6305
2023-10-27,11.6344
2023-10-30,11.6368
2023-10-31,11.6433
2023-11-01,11.6431
2023-11-02,11.6474
2023-11-03,11.6515
2023-11-06,11.659
2023-11-07,11.665
2023-11-08,11.6678
2023-11-09,11.671
2023-11-10,11.6702
2023-11-13,11.6759
2023-11-15,11.6849
2023-11-16,11.69
2023-11-17,11.6932
2023-11-20,11.6949
2023-11-21,11.695
2023-11-22,11.6972
2023-11-23,11.6982
2023-11-24,11.6936
2023-11-28,11.1225
2023-11-29,11.1275
2023-11-30,11.1239
2023-12-01,11.1239
2023-12-04,11.1329
2023-12-05,11.1373
2023-12-06,11.1398
2023-12-07,11.1434
2023-12-08,11.1412
2023-12-11,11.1448
2023-12-12,11.1426
2023-12-13,11.1459
2023-12-14,11.1615
2023-12-15,11.1738
2023-12-18,11.178
2023-12-19,11.1788
2023-12-20,11.1787
2023-12-21,11.1809
2023-12-22,11.1816
2023-12-26,11.1907
2023-12-27,11.1896
2023-12-28,11.1899
2023-12-29,11.1976
2024-01-01,11.2033
2024-01-02,11.2031
2024-01-03,11.2025
2024-01-04,11.2025
2024-01-05,11.2029
2024-01-08,11.2105
2024-01-09,11.2148
2024-01-10,11.2199
2024-01-11,11.2218
2024-01-12,11.223
2024-01-15,11.2359
2024-01-16,11.237
2024-01-17,11.2355
2024-01-18,11.2327
2024-01-19,11.232
2024-01-23,11.2406
2024-01-24,11.2404
2024-01-25,11.2444
2024-01-29,11.2565
2024-01-30,11.2582
2024-01-31,11.2621
2024-02-01,11.2755
2024-02-02,11.2804
2024-02-05,11.2819
2024-02-06,11.2828
2024-02-07,11.2875
2024-02-08,11.2862
2024-02-09,11.2855
2024-02-12,11.2891
2024-02-13,11.2931
2024-02-14,11.2918
2024-02-15,11.2989
2024-02-16,11.2995
2024-02-20,11.3131
2024-02-21,11.3183
2024-02-22,11.3212
2024-02-23,11.3211
2024-02-26,11.3307
2024-02-27,11.3339
2024-02-28,11.3356
2024-02-29,11.3351
2024-03-01,11.3374
2024-03-04,11.3466
2024-03-05,11.3449
2024-03-06,11.3546
2024-03-07,11.3588
2024-03-11,11.3719
2024-03-12,11.3731
2024-03-13,11.3749
2024-03-14,11.3727
2024-03-15,11.3771
2024-03-18,11.3797
2024-03-19,11.3762
2024-03-20,11.3796
2024-03-21,11.3853
2024-03-22,11.3856
2024-03-26,11.3895
2024-03-27,11.3946
2024-03-28,11.4078
2024-03-31,11.4133
2024-04-02,11.4183
2024-04-03,11.4219
2024-04-04,11.4251
2024-04-05,11.4263
2024-04-08,11.4254
2024-04-10,11.4331
2024-04-12,11.4254
2024-04-15,11.4331
2024-04-16,11.431
2024-04-18,11.4368
2024-04-19,11.4312
2024-04-22,11.4422
2024-04-23,11.4472
2024-04-24,11.447
2024-04-25,11.4475
2024-04-26,11.4484
2024-04-29,11.4545
2024-04-30,11.4573
2024-05-02,11.4639
2024-05-03,11.4665
2024-05-06,11.4775
2024-05-07,11.4787
2024-05-08,11.4766
2024-05-09,11.4791
2024-05-10,11.4815
2024-05-13,11.488
2024-05-14,11.4935
2024-05-15,11.4965
2024-05-16,11.5025
2024-05-17,11.5008
2024-05-21,11.512
2024-05-22,11.5215
2024-05-24,11.5266
2024-05-27,11.5328
2024-05-28,11.5305
2024-05-29,11.5301
2024-05-30,11.534
2024-05-31,11.5389
2024-06-03,11.2601
2024-06-04,11.2406
2024-06-05,11.2442
2024-06-06,11.2508
2024-06-07,11.2536
2024-06-10,11.2602
2024-06-11,11.2657
2024-06-12,11.2699
2024-06-13,11.2747
2024-06-14,11.2795
2024-06-18,11.2888
2024-06-19,11.2948
2024-06-20,11.2968
2024-06-21,11.302
2024-06-24,11.3087
2024-06-25,11.3078
2024-06-26,11.3058
2024-06-27,11.3061
2024-06-28,11.3109
2024-07-01,11.313
2024-07-02,11.3164
2024-07-03,11.32
2024-07-04,11.324
2024-07-05,11.3281
2024-07-08,11.3355
2024-07-09,11.3373
2024-07-10,11.3411
2024-07-11,11.3426
2024-07-12,11.3457
2024-07-15,11.3514
2024-07-16,11.3566
2024-07-18,11.3627
2024-07-19,11.3652
2024-07-22,11.3718
2024-07-23,11.3714
2024-07-24,11.3747
2024-07-25,11.3803
2024-07-26,11.3849
2024-07-29,11.3909
2024-07-30,11.3876
2024-07-31,11.3892
2024-08-01,11.3926
2024-08-02,11.3989
2024-08-05,11.413
2024-08-06,11.4128
2024-08-07,11.4164
2024-08-08,11.4172
2024-08-09,11.4181
2024-08-12,11.4247
2024-08-13,11.4265
2024-08-14,11.4323
2024-08-16,11.4352
2024-08-19,11.4451
2024-08-20,11.4561
2024-08-21,11.4563
2024-08-22,11.4578
2024-08-23,11.4609
2024-08-26,11.4661
2024-08-27,11.4676
2024-08-28,11.4664
2024-08-29,11.4688
2024-08-30,11.4697
2024-09-02,11.4737
2024-09-03,11.4806
2024-09-04,11.4863
2024-09-05,11.4893
2024-09-06,11.4913
2024-09-09,11.4969
2024-09-10,11.4981
2024-09-11,11.5046
2024-09-12,11.5083
2024-09-13,11.5179
2024-09-16,11.5277
2024-09-17,11.5274
2024-09-19,11.5386
2024-09-20,11.5442
2024-09-23,11.5523
2024-09-24,11.5557
2024-09-25,11.5621
2024-09-26,11.5739
2024-09-27,11.5698
2024-09-30,11.5784
2024-10-01,11.5806
2024-10-03,11.5793
2024-10-04,11.571
2024-10-07,11.5714
2024-10-08,11.5796
2024-10-09,11.593
2024-10-10,11.5951
2024-10-11,11.5981
2024-10-14,11.6066
2024-10-15,11.6103
2024-10-16,11.61
2024-10-17,11.6111
2024-10-18,11.6048
2024-10-21,11.6083
2024-10-22,11.6087
2024-10-23,11.6143
2024-10-24,11.6159
2024-10-25,11.6152
2024-10-28,11.6142
2024-10-29,11.6192
2024-10-30,11.6268
2024-10-31,11.6262
2024-11-04,11.6345
2024-11-05,11.6358
2024-11-06,11.6374
2024-11-07,11.6375
2024-11-08,11.644
2024-11-11,11.6509
2024-11-12,11.6523
2024-11-13,11.6496
2024-11-14,11.6431
2024-11-18,11.6526
2024-11-19,11.6551
2024-11-21,11.6532
2024-11-22,11.6522
2024-11-25,11.6626
2024-11-26,11.6594
2024-11-27,11.6619
2024-11-28,11.6619
2024-11-29,11.6765
2024-12-02,11.4057
2024-12-03,11.4048
2024-12-04,11.4149
2024-12-05,11.4246
2024-12-06,11.4118
2024-12-09,11.4252
2024-12-10,11.4278
2024-12-11,11.4259
2024-12-12,11.4257
2024-12-13,11.4305
2024-12-16,11.4358
2024-12-17,11.4335
2024-12-18,11.4375
2024-12-19,11.4262
2024-12-20,11.4201
2024-12-23,11.4273
2024-12-24,11.424
2024-12-26,11.4244
2024-12-27,11.4283
2024-12-30,11.4363
2024-12-31,11.4444
2025-01-01,11.4437
2025-01-02,11.4419
2025-01-03,11.4455
2025-01-06,11.4533
2025-01-07,11.4586
2025-01-08,11.456
2025-01-09,11.4563
2025-01-10,11.4577
2025-01-13,11.4375
2025-01-14,11.4396
2025-01-15,11.4448
2025-01-16,11.4599
2025-01-17,11.4579
2025-01-20,11.4666
2025-01-21,11.475
2025-01-22,11.4816
2025-01-23,11.4827
2025-01-24,11.4862
2025-01-27,11.5011
2025-01-28,11.5018
2025-01-29,11.5017
2025-01-30,11.5049
2025-01-31,11.5042
2025-02-03,11.5096
2025-02-04,11.5103
2025-02-05,11.5182
2025-02-06,11.526
2025-02-07,11.518
2025-02-10,11.5187
2025-02-11,11.5195
2025-02-12,11.522
2025-02-13,11.521
2025-02-14,11.5237
2025-02-17,11.5287
2025-02-18,11.5308
2025-02-20,11.5317
2025-02-21,11.5301
2025-02-24,11.5347
2025-02-25,11.536
2025-02-27,11.5281
2025-02-28,11.5261
2025-03-03,11.5272
2025-03-04,11.5294
2025-03-05,11.5342
2025-03-06,11.546
2025-03-07,11.5493
2025-03-10,11.5537
2025-03-11,11.5602
2025-03-12,11.5667
2025-03-13,11.5715
2025-03-17,11.5829
2025-03-18,11.5911
2025-03-19,11.6044
2025-03-20,11.6183
2025-03-21,11.6219
2025-03-24,11.6296
2025-03-25,11.6324
2025-03-26,11.6483
2025-03-27,11.657
2025-03-28,11.6815
2025-03-31,11.6869
2025-04-02,11.7243
2025-04-03,11.7301
2025-04-04,11.7342
2025-04-07,11.7364
2025-04-08,11.7342
2025-04-09,11.7423
2025-04-11,11.7542
2025-04-15,11.7678
2025-04-16,11.7724
2025-04-17,11.7823
2025-04-21,11.803
2025-04-22,11.8182
2025-04-23,11.8248
2025-04-24,11.8256
2025-04-25,11.82
2025-04-28,11.822
2025-04-29,11.8336
2025-04-30,11.8318
2025-05-02,11.8352
2025-05-05,11.8425
2025-05-06,11.8363
2025-05-07,11.8384
2025-05-08,11.813
2025-05-09,11.8071
2025-05-13,11.8443
2025-05-14,11.8583
2025-05-15,11.8679
2025-05-16,11.8825
2025-05-19,11.8874
2025-05-20,11.894
2025-05-21,11.9085
2025-05-22,11.9065
2025-05-23,11.9117
2025-05-26,11.9181
2025-05-27,11.9198
2025-05-28,11.9265
2025-05-29,11.9263
2025-05-30,11.9205
2025-06-02,11.6249
2025-06-03,11.6283
2025-06-04,11.6221
2025-06-05,11.6273
2025-06-06,11.6313
2025-06-09,11.6168
2025-06-10,11.6038
2025-06-11,11.599
2025-06-12,11.5922
2025-06-13,11.5871
2025-06-16,11.5968
2025-06-17,11.6032
2025-06-18,11.604
2025-06-19,11.599
2025-06-20,11.5991
2025-06-23,11.6051
2025-06-24,11.6122
2025-06-25,11.6031
2025-06-26,11.6024
2025-06-27,11.6016
2025-06-30,11.6071
2025-07-01,11.6167
2025-07-02,11.6243
2025-07-03,11.6287
2025-07-04,11.6286
2025-07-07,11.6379
2025-07-08,11.6357
2025-07-09,11.6375
2025-07-10,11.6371
2025-07-11,11.64
2025-07-14,11.6446
2025-07-15,11.6463
2025-07-16,11.6473
2025-07-17,11.6536
2025-07-18,11.6582
2025-07-21,11.6637
2025-07-22,11.6666
2025-07-23,11.6689
2025-07-24,11.6678
2025-07-25,11.665
2025-07-28,11.6639
2025-07-29,11.6664
2025-07-30,11.6628
2025-07-31,11.6637
2025-08-01,11.6681
2025-08-04,11.6879
2025-08-05,11.6861
2025-08-06,11.6643
2025-08-07,11.6681
2025-08-08,11.6673
2025-08-11,11.6627
2025-08-12,11.6467
2025-08-13,11.6407
2025-08-14,11.6542
2025-08-18,11.6436
2025-08-19,11.6363
2025-08-20,11.6451
2025-08-21,11.6442
2025-08-22,11.6414
2025-08-25,11.6375
2025-08-26,11.6268
2025-08-28,11.6486
2025-08-29,11.6367
2025-09-01,11.6325
2025-09-02,11.6344
2025-09-03,11.641
2025-09-04,11.6543
2025-09-05,11.6606
2025-09-09,11.6693
2025-09-10,11.6703
2025-09-11,11.6738
2025-09-12,11.6735
2025-09-15,11.6756
2025-09-16,11.6787
2025-09-17,11.6854
2025-09-18,11.6826
2025-09-19,11.6871
2025-09-22,11.6901
2025-09-23,11.6973
2025-09-24,11.6994
2025-09-25,11.7014
2025-09-26,11.7046
2025-09-30,11.7064
2025-10-01,11.7198
2025-10-03,11.731
2025-10-06,11.7422
2025-10-07,11.7556
2025-10-08,11.7588
2025-10-09,11.7574
2025-10-10,11.7583
2025-10-13,11.7656
2025-10-14,11.7685
2025-10-15,11.7745
2025-10-16,11.7747
2025-10-17,11.7754
2025-10-20,11.7812
2025-10-23,11.7786
2025-10-24,11.7787
2025-10-27,11.7828
2025-10-28,11.7841
2025-10-29,11.7887
2025-10-30,11.7858
2025-10-31,11.7875
2025-11-03,11.7944
2025-11-04,11.7979
2025-11-06,11.8043
2025-11-07,11.8056
2025-11-10,11.8125
2025-11-11,11.8167
2025-11-12,11.8192
2025-11-13,11.8184
2025-11-14,11.8143
2025-11-17,11.8172
2025-11-18,11.8188
2025-11-19,11.8233
2025-11-20,11.8231
2025-11-21,11.8197
2025-11-24,11.8288
2025-11-25,11.8359
2025-11-26,11.8425
2025-11-27,11.8422
2025-11-28,11.8387
2025-12-01,11.5337
2025-12-02,11.5394
2025-12-03,11.5402
2025-12-04,11.5404
2025-12-05,11.5456
2025-12-08,11.5444
2025-12-09,11.5306
2025-12-10,11.5193
2025-12-11,11.5178
2025-12-12,11.5204
2025-12-15,11.5138
2025-12-16,11.516
2025-12-17,11.5144
